epoch,loss,accuracy,learning_rate
1,2.1,0.65,0.0002
2,1.7,0.7,0.0002
3,1.2999999999999998,0.75,0.0002
4,0.8999999999999999,0.8,0.0002
5,0.5,0.85,0.0002
